USE airworthDB;

INSERT INTO `admin`(username, first_name, last_name)
VALUES('deni_balak','Deni','Balak');


INSERT INTO maintainer(username, first_name, last_name)
VALUES('matthew_balak', 'Matthew','Balak'),
	('joseph_gonzalez-hernandez','Joseph', 'Gonzalez-Hernandez'),
    ('alberto_cruz','Alberto', 'Cruz'),
    ('patrick_glenn', 'Patrick', 'Glenn'),
    ('anthony_ransom','Anthony', 'Ransom'),
    ('tanner_isom','Tanner', 'Isom');

INSERT INTO plane(tail_number, `year`, make, model, last_serviced_date, next_service_date)
VALUES('N49785', 1979, 'Cessna', '152', '2020-04-05', '2020-04-08'),
	('N757QH', 1977, 'Cessna', '152', '2020-04-01', '2020-04-19'),
    ('N4702P', 1980, 'Cessna', '152', '2020-03-15', '2020-04-04'),
    ('N5241Q', 1981, 'Cessna', '152', '2020-03-14', '2020-04-05'),
    ('N4711L', 1980, 'Cessna', '152', '2020-04-02', '2020-04-20'),
    ('N5442B', 1979, 'Cessna', '152', '2020-04-06', '2020-04-24'),
    ('N25497', 1977, 'Cessna', '152', '2020-04-01', '2020-04-19'),
    ('N73381', 1976, 'Cessna', '172M', '2020-03-15', '2020-03-24'),
    ('N5284Q', 1973, 'Cessna', '172M', '2020-03-17', '2020-04-05'), 
    ('N53603', 1981, 'Cessna', '172P', '2020-04-03', '2020-04-21'),
    ('N78445', 1968, 'Cessna', '172K', '2020-03-22', '2020-04-10'),
    ('N9899G', 1971, 'Cessna', '172L', '2020-03-05', '2020-03-23');

INSERT INTO directives(tail_number, make, model, ad_number, effective_date, `subject`, not_complied_with, compliance)
VALUES('N49785', 'Cessna', '152', '2009-10-09 R2', '2011-09-12', 'Rudder Control System', false, 'One time compliance--requires placard or kit.'),
	('N49785', 'Cessna', '152', '2011-10-09', '2011-06-07', 'Seat Rails and Roller Housing Inspections', false, 'Every 100 hours.'),
    ('N49785', 'Cessna', '152', '2000-06-01', '2000-05-05', 'Fuel Strainer Assembly', false, 'One time compliance--applies only to a certain series of a part number.'),
    ('N49785', 'Cessna', '152', '97-01-13', '1997-02-03', 'Fuel, Oil, and Hydraulic Hoses', false, 'One time compliance--replacement of hoses--series of a part number.'),
    ('N49785', 'Cessna', '152', '96-09-06', '1996-06-07', 'Air Filter Assemblies', false, 'Every 100 hours.'),
    ('N49785', 'Cessna', '152', '86-24-07', '1987-01-07', 'Engine Controls Installation', false, 'One time compliance--installation of hardware to prevent control rod separation.'),
    ('N49785', 'Cessna', '152', '83-22-06', '1983-11-08', 'Aileron Hinge Pin', false, 'One time compliance--inspection: if defects are noted, repair/modify.'),
    ('N49785', 'Cessna', '152', '80-25-07 R1', '1981-09-24', 'Oil Coolers', false, 'One time compliance--possible placard fix; crew must inspect before flight; if oil is foind, replacement of oil cooler is required.'),
    ('N49785', 'Cessna', '152', '80-11-04', '1980-01-07', 'Cracked Nutplates', false, 'Every 100 hours.'),
    ('N49785', 'Cessna', '152', '80-01-06', '1980-01-07', 'Flap Actuator Assembly', false, 'One time compliance.'),
    
    ('N757QH', 'Cessna', '152', '2009-10-09 R2', '2011-09-12', 'Rudder Control System', false, 'One time compliance--requires placard or kit.'),
	('N757QH', 'Cessna', '152', '2011-10-09', '2011-06-07', 'Seat Rails and Roller Housing Inspections', false, 'Every 100 hours.'),
    ('N757QH', 'Cessna', '152', '2000-06-01', '2000-05-05', 'Fuel Strainer Assembly', false, 'One time compliance--applies only to a certain series of a part number.'),
    ('N757QH', 'Cessna', '152', '97-01-13', '1997-02-03', 'Fuel, Oil, and Hydraulic Hoses', false, 'One time compliance--replacement of hoses--series of a part number.'),
    ('N757QH', 'Cessna', '152', '96-09-06', '1996-06-07', 'Air Filter Assemblies', false, 'Every 100 hours.'),
    ('N757QH', 'Cessna', '152', '86-24-07', '1987-01-07', 'Engine Controls Installation', false, 'One time compliance--installation of hardware to prevent control rod separation.'),
    ('N757QH', 'Cessna', '152', '83-22-06', '1983-11-08', 'Aileron Hinge Pin', false, 'One time compliance--inspection: if defects are noted, repair/modify.'),
    ('N757QH', 'Cessna', '152', '80-25-07 R1', '1981-09-24', 'Oil Coolers', false, 'One time compliance--possible placard fix; crew must inspect before flight; if oil is foind, replacement of oil cooler is required.'),
    ('N757QH', 'Cessna', '152', '80-11-04', '1980-01-07', 'Cracked Nutplates', false, 'Every 100 hours.'),
    ('N757QH', 'Cessna', '152', '80-01-06', '1980-01-07', 'Flap Actuator Assembly', false, 'One time compliance.'),
    
    ('N4702P', 'Cessna', '152', '2009-10-09 R2', '2011-09-12', 'Rudder Control System', false, 'One time compliance--requires placard or kit.'),
	('N4702P', 'Cessna', '152', '2011-10-09', '2011-06-07', 'Seat Rails and Roller Housing Inspections', false, 'Every 100 hours.'),
    ('N4702P', 'Cessna', '152', '2000-06-01', '2000-05-05', 'Fuel Strainer Assembly', false, 'One time compliance--applies only to a certain series of a part number.'),
    ('N4702P', 'Cessna', '152', '97-01-13', '1997-02-03', 'Fuel, Oil, and Hydraulic Hoses', false, 'One time compliance--replacement of hoses--series of a part number.'),
    ('N4702P', 'Cessna', '152', '96-09-06', '1996-06-07', 'Air Filter Assemblies', false, 'Every 100 hours.'),
    ('N4702P', 'Cessna', '152', '86-24-07', '1987-01-07', 'Engine Controls Installation', false, 'One time compliance--installation of hardware to prevent control rod separation.'),
    ('N4702P', 'Cessna', '152', '83-22-06', '1983-11-08', 'Aileron Hinge Pin', false, 'One time compliance--inspection: if defects are noted, repair/modify.'),
    ('N4702P', 'Cessna', '152', '80-25-07 R1', '1981-09-24', 'Oil Coolers', false, 'One time compliance--possible placard fix; crew must inspect before flight; if oil is foind, replacement of oil cooler is required.'),
    ('N4702P', 'Cessna', '152', '80-11-04', '1980-01-07', 'Cracked Nutplates', false, 'Every 100 hours.'),
    ('N4702P', 'Cessna', '152', '80-01-06', '1980-01-07', 'Flap Actuator Assembly', false, 'One time compliance.'),
    
    ('N5241Q', 'Cessna', '152', '2009-10-09 R2', '2011-09-12', 'Rudder Control System', false, 'One time compliance--requires placard or kit.'),
	('N5241Q', 'Cessna', '152', '2011-10-09', '2011-06-07', 'Seat Rails and Roller Housing Inspections', false, 'Every 100 hours.'),
    ('N5241Q', 'Cessna', '152', '2000-06-01', '2000-05-05', 'Fuel Strainer Assembly', false, 'One time compliance--applies only to a certain series of a part number.'),
    ('N5241Q', 'Cessna', '152', '97-01-13', '1997-02-03', 'Fuel, Oil, and Hydraulic Hoses', false, 'One time compliance--replacement of hoses--series of a part number.'),
    ('N5241Q', 'Cessna', '152', '96-09-06', '1996-06-07', 'Air Filter Assemblies', false, 'Every 100 hours.'),
    ('N5241Q', 'Cessna', '152', '86-24-07', '1987-01-07', 'Engine Controls Installation', false, 'One time compliance--installation of hardware to prevent control rod separation.'),
    ('N5241Q', 'Cessna', '152', '83-22-06', '1983-11-08', 'Aileron Hinge Pin', false, 'One time compliance--inspection: if defects are noted, repair/modify.'),
    ('N5241Q', 'Cessna', '152', '80-25-07 R1', '1981-09-24', 'Oil Coolers', false, 'One time compliance--possible placard fix; crew must inspect before flight; if oil is foind, replacement of oil cooler is required.'),
    ('N5241Q', 'Cessna', '152', '80-11-04', '1980-01-07', 'Cracked Nutplates', false, 'Every 100 hours.'),
    ('N5241Q', 'Cessna', '152', '80-01-06', '1980-01-07', 'Flap Actuator Assembly', false, 'One time compliance.'),
    
    ('N4711L', 'Cessna', '152', '2009-10-09 R2', '2011-09-12', 'Rudder Control System', false, 'One time compliance--requires placard or kit.'),
	('N4711L', 'Cessna', '152', '2011-10-09', '2011-06-07', 'Seat Rails and Roller Housing Inspections', false, 'Every 100 hours.'),
    ('N4711L', 'Cessna', '152', '2000-06-01', '2000-05-05', 'Fuel Strainer Assembly', false, 'One time compliance--applies only to a certain series of a part number.'),
    ('N4711L', 'Cessna', '152', '97-01-13', '1997-02-03', 'Fuel, Oil, and Hydraulic Hoses', false, 'One time compliance--replacement of hoses--series of a part number.'),
    ('N4711L', 'Cessna', '152', '96-09-06', '1996-06-07', 'Air Filter Assemblies', false, 'Every 100 hours.'),
    ('N4711L', 'Cessna', '152', '86-24-07', '1987-01-07', 'Engine Controls Installation', false, 'One time compliance--installation of hardware to prevent control rod separation.'),
    ('N4711L', 'Cessna', '152', '83-22-06', '1983-11-08', 'Aileron Hinge Pin', false, 'One time compliance--inspection: if defects are noted, repair/modify.'),
    ('N4711L', 'Cessna', '152', '80-25-07 R1', '1981-09-24', 'Oil Coolers', false, 'One time compliance--possible placard fix; crew must inspect before flight; if oil is foind, replacement of oil cooler is required.'),
    ('N4711L', 'Cessna', '152', '80-11-04', '1980-01-07', 'Cracked Nutplates', false, 'Every 100 hours.'),
    ('N4711L', 'Cessna', '152', '80-01-06', '1980-01-07', 'Flap Actuator Assembly', false, 'One time compliance.'),
    
    ('N5442B', 'Cessna', '152', '2009-10-09 R2', '2011-09-12', 'Rudder Control System', false, 'One time compliance--requires placard or kit.'),
	('N5442B', 'Cessna', '152', '2011-10-09', '2011-06-07', 'Seat Rails and Roller Housing Inspections', false, 'Every 100 hours.'),
    ('N5442B', 'Cessna', '152', '2000-06-01', '2000-05-05', 'Fuel Strainer Assembly', false, 'One time compliance--applies only to a certain series of a part number.'),
    ('N5442B', 'Cessna', '152', '97-01-13', '1997-02-03', 'Fuel, Oil, and Hydraulic Hoses', false, 'One time compliance--replacement of hoses--series of a part number.'),
    ('N5442B', 'Cessna', '152', '96-09-06', '1996-06-07', 'Air Filter Assemblies', false, 'Every 100 hours.'),
    ('N5442B', 'Cessna', '152', '86-24-07', '1987-01-07', 'Engine Controls Installation', false, 'One time compliance--installation of hardware to prevent control rod separation.'),
    ('N5442B', 'Cessna', '152', '83-22-06', '1983-11-08', 'Aileron Hinge Pin', false, 'One time compliance--inspection: if defects are noted, repair/modify.'),
    ('N5442B', 'Cessna', '152', '80-25-07 R1', '1981-09-24', 'Oil Coolers', false, 'One time compliance--possible placard fix; crew must inspect before flight; if oil is foind, replacement of oil cooler is required.'),
    ('N5442B', 'Cessna', '152', '80-11-04', '1980-01-07', 'Cracked Nutplates', false, 'Every 100 hours.'),
    ('N5442B', 'Cessna', '152', '80-01-06', '1980-01-07', 'Flap Actuator Assembly', false, 'One time compliance.'),
    
    ('N25497', 'Cessna', '152', '2009-10-09 R2', '2011-09-12', 'Rudder Control System', false, 'One time compliance--requires placard or kit.'),
	('N25497', 'Cessna', '152', '2011-10-09', '2011-06-07', 'Seat Rails and Roller Housing Inspections', false, 'Every 100 hours.'),
    ('N25497', 'Cessna', '152', '2000-06-01', '2000-05-05', 'Fuel Strainer Assembly', false, 'One time compliance--applies only to a certain series of a part number.'),
    ('N25497', 'Cessna', '152', '97-01-13', '1997-02-03', 'Fuel, Oil, and Hydraulic Hoses', false, 'One time compliance--replacement of hoses--series of a part number.'),
    ('N25497', 'Cessna', '152', '96-09-06', '1996-06-07', 'Air Filter Assemblies', false, 'Every 100 hours.'),
    ('N25497', 'Cessna', '152', '86-24-07', '1987-01-07', 'Engine Controls Installation', false, 'One time compliance--installation of hardware to prevent control rod separation.'),
    ('N25497', 'Cessna', '152', '83-22-06', '1983-11-08', 'Aileron Hinge Pin', false, 'One time compliance--inspection: if defects are noted, repair/modify.'),
    ('N25497', 'Cessna', '152', '80-25-07 R1', '1981-09-24', 'Oil Coolers', false, 'One time compliance--possible placard fix; crew must inspect before flight; if oil is foind, replacement of oil cooler is required.'),
    ('N25497', 'Cessna', '152', '80-11-04', '1980-01-07', 'Cracked Nutplates', false, 'Every 100 hours.'),
    ('N25497', 'Cessna', '152', '80-01-06', '1980-01-07', 'Flap Actuator Assembly', false, 'One time compliance.'),
    
    ('N73381', 'Cessna', '172M', '2011-10-09', '2011-06-07', 'Seat Rails and Roller Housing Inspections', false, 'Every 100 hours.'),
    ('N73381', 'Cessna', '172M', '2011-06-02', '2011-05-26', 'Engine', false, 'One time compliance OR every 12 cm--FADEC Battery required.'),
    ('N73381', 'Cessna', '172M', '2008-26-10', '2009-01-05', 'Alternate static air source selector valve', false, 'One time compliance.'),
    ('N73381', 'Cessna', '172M', '2008-10-02', '2008-05-12', 'Part number identification placard', false, 'One time compliance.'),
    ('N73381', 'Cessna', '172M', '2000-06-01', '2000-05-05', 'Fuel Strainer Assembly', false, 'One time compliance--applies only to a certain sereis of a part number.'),
    ('N73381', 'Cessna', '172M', '99-27-02', '2000-01-21', 'Fuel Selector Valves', false, 'One time compliance.'),
    ('N73381', 'Cessna', '172M', '97-01-13', '1997-02-03', 'Fuel, Oil, and Hydraulic Hoses', false, 'One time compliance--replacement of hoses--series of a part number.'),
    ('N73381', 'Cessna', '172M', '96-09-06', '1996-06-07', 'Air Filter Assemblies', false, 'Every 100 hours.'),
    ('N73381', 'Cessna', '172M', '86-24-07', '1987-01-07', 'Engine Controls Installation', false, 'One time compliance--installation of hardware to prevent control rod separation.'),
    ('N73381', 'Cessna', '172M', '83-10-03', '1983-06-30', 'Controll Wheel Yoke Guide Modification', false, 'One time compliance.'),
    ('N73381', 'Cessna', '172M', '80-25-07 R1', '1981-09-24', 'Oil Coolers', false, 'One time compliance--possible placard fix; crew must inspect before flight; if oil is foind, replacement of oil cooler is required.'),
    ('N73381', 'Cessna', '172M', '81-16-09', '1981-08-13', 'Elevator Control System', false, 'One time compliance.'),
    ('N73381', 'Cessna', '172M', '76-04-03', '1976-02-23', 'ARC PA-500A Actuators', false, 'One time compliance.'),
    ('N73381', 'Cessna', '172M', '74-08-01', '1974-08-09', 'Autopilot Servo Actuators', false, 'One time compliance.'),
    
    ('N5284Q', 'Cessna', '172M', '2011-10-09', '2011-06-07', 'Seat Rails and Roller Housing Inspections', false, 'Every 100 hours.'),
    ('N5284Q', 'Cessna', '172M', '2011-06-02', '2011-05-26', 'Engine', false, 'One time compliance OR every 12 cm--FADEC Battery required.'),
    ('N5284Q', 'Cessna', '172M', '2008-26-10', '2009-01-05', 'Alternate static air source selector valve', false, 'One time compliance.'),
    ('N5284Q', 'Cessna', '172M', '2008-10-02', '2008-05-12', 'Part number identification placard', false, 'One time compliance.'),
    ('N5284Q', 'Cessna', '172M', '2000-06-01', '2000-05-05', 'Fuel Strainer Assembly', false, 'One time compliance--applies only to a certain sereis of a part number.'),
    ('N5284Q', 'Cessna', '172M', '99-27-02', '2000-01-21', 'Fuel Selector Valves', false, 'One time compliance.'),
    ('N5284Q', 'Cessna', '172M', '97-01-13', '1997-02-03', 'Fuel, Oil, and Hydraulic Hoses', false, 'One time compliance--replacement of hoses--series of a part number.'),
    ('N5284Q', 'Cessna', '172M', '96-09-06', '1996-06-07', 'Air Filter Assemblies', false, 'Every 100 hours.'),
    ('N5284Q', 'Cessna', '172M', '86-24-07', '1987-01-07', 'Engine Controls Installation', false, 'One time compliance--installation of hardware to prevent control rod separation.'),
    ('N5284Q', 'Cessna', '172M', '83-10-03', '1983-06-30', 'Controll Wheel Yoke Guide Modification', false, 'One time compliance.'),
    ('N5284Q', 'Cessna', '172M', '80-25-07 R1', '1981-09-24', 'Oil Coolers', false, 'One time compliance--possible placard fix; crew must inspect before flight; if oil is foind, replacement of oil cooler is required.'),
    ('N5284Q', 'Cessna', '172M', '81-16-09', '1981-08-13', 'Elevator Control System', false, 'One time compliance.'),
    ('N5284Q', 'Cessna', '172M', '76-04-03', '1976-02-23', 'ARC PA-500A Actuators', false, 'One time compliance.'),
    ('N5284Q', 'Cessna', '172M', '74-08-01', '1974-08-09', 'Autopilot Servo Actuators', false, 'One time compliance.'),
    
    ('N53603', 'Cessna', '172P', '2011-10-09', '2011-06-07', 'Seat Rails and Roller Housing Inspections', false, 'Every 100 hours.'),
    ('N53603', 'Cessna', '172P', '2011-06-02', '2011-05-26', 'Engine', false, 'One time compliance OR every 12 cm--FADEC Battery required.'),
    ('N53603', 'Cessna', '172P', '2008-26-10', '2009-01-05', 'Alternate static air source selector valve', false, 'One time compliance.'),
    ('N53603', 'Cessna', '172P', '2008-10-02', '2008-05-12', 'Part number identification placard', false, 'One time compliance.'),
    ('N53603', 'Cessna', '172P', '2001-23-03', '2001-12-27', 'Forward Door Post', false, 'Every 12 cm.'),
    ('N53603', 'Cessna', '172P', '2000-06-01', '2000-05-05', 'Fuel Strainer Assembly', false, 'One time compliance--applies only to a certain sereis of a part number.'),
    ('N53603', 'Cessna', '172P', '97-01-13', '1997-02-03', 'Fuel, Oil, and Hydraulic Hoses', false, 'One time compliance--replacement of hoses--series of a part number.'),
    ('N53603', 'Cessna', '172P', '96-09-06', '1996-06-07', 'Air Filter Assemblies', false, 'Every 100 hours.'),
    ('N53603', 'Cessna', '172P', '83-22-06', '1983-11-08', 'Aileron Hinge Pin', false, 'One time compliance--inspection: if defects are noted, repair/modify.'),
    ('N53603', 'Cessna', '172P', '83-10-03', '1983-06-30', 'Controll Wheel Yoke Guide Modification', false, 'One time compliance.'),
    ('N53603', 'Cessna', '172P', '80-25-07 R1', '1981-09-24', 'Oil Coolers', false, 'One time compliance--possible placard fix; crew must inspect before flight; if oil is foind, replacement of oil cooler is required.'),
    ('N53603', 'Cessna', '172P', '81-16-09', '1981-08-13', 'Elevator Control System', false, 'One time compliance.'),
    
    ('N78445', 'Cessna', '172K', '2011-10-09', '2011-06-07', 'Seat Rails and Roller Housing Inspections', false, 'Every 100 hours.'),
    ('N78445', 'Cessna', '172K', '2011-06-02', '2011-05-26', 'Engine', false, 'One time compliance OR every 12 cm--FADEC Battery required.'),
    ('N78445', 'Cessna', '172K', '2008-26-10', '2009-01-05', 'Alternate static air source selector valve', false, 'One time compliance.'),
    ('N78445', 'Cessna', '172K', '2008-10-02', '2008-05-12', 'Part number identification placard', false, 'One time compliance.'),
    ('N78445', 'Cessna', '172K', '2001-23-03', '2001-12-27', 'Forward Door Post', false, 'Every 12 cm.'),
    ('N78445', 'Cessna', '172K', '2000-06-01', '2000-05-05', 'Fuel Strainer Assembly', false, 'One time compliance--applies only to a certain sereis of a part number.'),
    ('N78445', 'Cessna', '172K', '99-27-02', '2000-01-21', 'Fuel Selector Valves', false, 'One time compliance.'),
    ('N78445', 'Cessna', '172K', '97-01-13', '1997-02-03', 'Fuel, Oil, and Hydraulic Hoses', false, 'One time compliance--replacement of hoses--series of a part number.'),
    ('N78445', 'Cessna', '172K', '96-09-06', '1996-06-07', 'Air Filter Assemblies', false, 'Every 100 hours.'),
    ('N78445', 'Cessna', '172K', '93-24-15', '1994-02-11', 'Instrument Panel Light Rheostat', false, 'One time compliance.'),
    ('N78445', 'Cessna', '172K', '86-24-07', '1987-01-07', 'Engine Controls Installation', false, 'One time compliance--installation of hardware to prevent control rod separation.'),
    ('N78445', 'Cessna', '172K', '86-19-11', '1986-10-4', 'Contaminated Fuel', false, 'One time compliance.'),
    ('N78445', 'Cessna', '172K', '72-03-03 R3', '1984-10-15', 'Wing Flap Actuators Jack Screw', false, 'Every 100 hours. Also every 12 cm.'),
    ('N78445', 'Cessna', '172K', '83-22-06', '1983-11-08', 'Aileron Hinge Pin', false, 'One time compliance--inspection: if defects are noted, repair/modify.'),
    ('N78445', 'Cessna', '172K', '83-10-03', '1983-06-30', 'Controll Wheel Yoke Guide Modification', false, 'One time compliance.'),
    ('N78445', 'Cessna', '172K', '81-16-09', '1981-08-13', 'Elevator Control System', false, 'One time compliance.'),
    ('N78445', 'Cessna', '172K', '76-04-03', '1976-02-23', 'ARC PA-500A Actuators', false, 'One time compliance.'),
    ('N78445', 'Cessna', '172K', '74-08-01', '1974-08-09', 'Autopilot Servo Actuators', false, 'One time compliance.'),
    ('N78445', 'Cessna', '172K', '68-17-04', '1968-09-07', 'Stall Warning System', false, 'One time compliance--either by placard or replacement of the stall horn.'),
    
    ('N9899G', 'Cessna', '172L', '2011-10-09', '2011-06-07', 'Seat Rails and Roller Housing Inspections', false, 'Every 100 hours.'),
    ('N9899G', 'Cessna', '172L', '2011-06-02', '2011-05-26', 'Engine', false, 'One time compliance OR every 12 cm--FADEC Battery required.'),
    ('N9899G', 'Cessna', '172L', '2008-26-10', '2009-01-05', 'Alternate static air source selector valve', false, 'One time compliance.'),
    ('N9899G', 'Cessna', '172L', '2008-10-02', '2008-05-12', 'Part number identification placard', false, 'One time compliance.'),
    ('N9899G', 'Cessna', '172L', '2000-06-01', '2000-05-05', 'Fuel Strainer Assembly', false, 'One time compliance--applies only to a certain sereis of a part number.'),
    ('N9899G', 'Cessna', '172L', '99-27-02', '2000-01-21', 'Fuel Selector Valves', false, 'One time compliance.'),
    ('N9899G', 'Cessna', '172L', '97-01-13', '1997-02-03', 'Fuel, Oil, and Hydraulic Hoses', false, 'One time compliance--replacement of hoses--series of a part number.'),
    ('N9899G', 'Cessna', '172L', '96-09-06', '1996-06-07', 'Air Filter Assemblies', false, 'Every 100 hours.'),
    ('N9899G', 'Cessna', '172L', '86-24-07', '1987-01-07', 'Engine Controls Installation', false, 'One time compliance--installation of hardware to prevent control rod separation.'),
    ('N9899G', 'Cessna', '172L', '83-10-03', '1983-06-30', 'Controll Wheel Yoke Guide Modification', false, 'One time compliance.'),
    ('N9899G', 'Cessna', '172L', '80-25-07 R1', '1981-09-24', 'Oil Coolers', false, 'One time compliance--possible placard fix; crew must inspect before flight; if oil is foind, replacement of oil cooler is required.'),
    ('N9899G', 'Cessna', '172L', '81-16-09', '1981-08-13', 'Elevator Control System', false, 'One time compliance.'),
    ('N9899G', 'Cessna', '172L', '76-04-03', '1976-02-23', 'ARC PA-500A Actuators', false, 'One time compliance.'),
    ('N9899G', 'Cessna', '172L', '74-08-01', '1974-08-09', 'Autopilot Servo Actuators', false, 'One time compliance.');
    